date,tavg,tmin,tmax,prcp,snow,wdir,wspd,wpgt,pres,tsun
2024-01-01 00:00:00,25.2,22.8,28.6,2.2,,53,9.5,,1013,
2024-01-02 00:00:00,24.9,22.6,28.6,0,,68,9.7,,1012.9,
2024-01-03 00:00:00,24.2,20.4,33,9.9,,84,11.6,,1015.3,
2024-01-04 00:00:00,25.2,22.6,28.9,0,,70,11.8,,1015.7,
2024-01-05 00:00:00,21.2,17.5,28.6,3,,25,11.4,,1012.8,
2024-01-06 00:00:00,26.9,24,31.9,0,,353,8.7,,1008.7,
2024-01-07 00:00:00,24.9,20.2,32,12.3,,79,8.1,,1007.7,
2024-01-08 00:00:00,24.8,18.6,32,55.9,,352,4.5,,1008.6,
2024-01-09 00:00:00,27.9,22.1,33.1,0,,16,5.6,,1009.9,
2024-01-10 00:00:00,27.6,23.2,33.5,1,,78,7.2,,1009.8,
2024-01-11 00:00:00,24.1,20.7,32.8,7.9,,117,11.5,,1015.5,
2024-01-12 00:00:00,21.8,18.3,27.6,0,,80,9.8,,1017.1,
2024-01-13 00:00:00,25.6,21.7,30.7,0.2,,17,11.4,,1012,
2024-01-14 00:00:00,26.5,21,32.3,3.4,,309,7.5,,1008.9,
2024-01-15 00:00:00,26.1,21.8,32.3,0,,54,9.9,,1010.2,
2024-01-16 00:00:00,23.4,19.4,31.3,14,,114,7.6,,1010.8,
2024-01-17 00:00:00,22.3,17.8,36.5,0,,121,7.6,,1015.6,
2024-01-18 00:00:00,25.6,22.8,29.4,0.5,,36,8.4,,1011.1,
2024-01-19 00:00:00,25.4,20.8,31.5,0,,122,10,,1012.6,
2024-01-20 00:00:00,23.2,16.5,31.5,0,,124,9.8,,1016,
2024-01-21 00:00:00,23.6,19.9,28.2,0,,82,10.9,,1019.2,
2024-01-22 00:00:00,22.6,18,27.9,0,,50,8.6,,1021.7,
2024-01-23 00:00:00,24.6,20.5,28.5,0,,58,12,,1020,
2024-01-24 00:00:00,22.4,20.6,26.6,11.9,,39,14.2,,1017.6,
2024-01-25 00:00:00,26,22.4,30,0,,32,11.2,,1017.7,
2024-01-26 00:00:00,24.6,20.4,29.5,0,,15,11.5,,1019,
2024-01-27 00:00:00,25.8,21.7,30.2,60.2,,39,11.2,,1017.3,
2024-01-28 00:00:00,25.7,22.3,30,0,,57,10.7,,1015.4,
2024-01-29 00:00:00,26.9,23.7,31.3,0,,35,9,,1013.6,
2024-01-30 00:00:00,29.3,25.1,33.7,0,,11,8,,1011.9,
2024-01-31 00:00:00,29.6,25,34.7,0.8,,17,5.2,,1012.3,
2024-02-01 00:00:00,31.7,25.8,37.7,0,,18,7.7,,1015,
2024-02-02 00:00:00,31.1,26.2,37.9,0,,16,9.8,,1014.6,
2024-02-03 00:00:00,30.3,23.3,37.4,0,,338,12.2,,1011,
2024-02-04 00:00:00,23.2,18.3,37.8,0,,136,17.8,,1016.7,
2024-02-05 00:00:00,25.9,21.2,31.9,0,,65,10.1,,1014.4,
2024-02-06 00:00:00,28.6,24.8,35,0.1,,31,13.4,,1014,
2024-02-07 00:00:00,29.5,24.4,35,0,,9,8.4,,1010.7,
2024-02-08 00:00:00,29.1,24.6,33.9,0.9,,69,9.6,,1010,
2024-02-09 00:00:00,26.2,24.2,34,6.6,,142,9.2,,1011.2,
2024-02-10 00:00:00,27.4,24.5,32,26.6,,317,4.9,,1009.5,
2024-02-11 00:00:00,28.7,23.1,33.8,0,,314,6.2,,1010.4,
2024-02-12 00:00:00,25.6,18.2,33.9,0,,148,9.8,,1010.1,
2024-02-13 00:00:00,19.2,12.9,25,25.9,,156,10.4,,1022.1,
2024-02-14 00:00:00,21.1,16.7,24.5,0,,83,9,,1021.7,
2024-02-15 00:00:00,23.9,21.1,27.6,0,,47,12.2,,1018.4,
2024-02-16 00:00:00,25.1,22.7,29.2,0,,70,10.9,,1016.2,
2024-02-17 00:00:00,25.8,23,29.6,0,,71,11.6,,1014.5,
2024-02-18 00:00:00,26,23.9,29.6,3.8,,100,6.5,,1013.9,
2024-02-19 00:00:00,25.6,21.2,31.7,0,,139,7.7,,1012.4,
2024-02-20 00:00:00,26.2,23.2,31.7,0.4,,69,7.9,,1011,
2024-02-21 00:00:00,27.4,24.1,31.1,0,,37,9.3,,1009.9,
2024-02-22 00:00:00,27.4,23.8,31.3,0,,38,9.2,,1007.1,
2024-02-23 00:00:00,25.7,22.2,31.1,0,,172,9,,1012.4,
2024-02-24 00:00:00,24,20.3,29.5,0,,127,12.1,,1021.4,
2024-02-25 00:00:00,23.2,20.3,26.7,0,,94,12.2,,1022.6,
2024-02-26 00:00:00,23,20.5,26.7,13,,84,8.7,,1016,
2024-02-27 00:00:00,25.1,22.3,28.2,0,,62,6,,1011.4,
2024-02-28 00:00:00,26.5,21.2,31,0,,33,5.9,,1011.7,
2024-02-29 00:00:00,26.1,22.5,31.2,6.4,,105,8.3,,1014.6,
2024-03-01 00:00:00,24.6,21.5,30.2,0,,73,8.2,,1014.6,
2024-03-02 00:00:00,25.8,24.2,30.1,12.2,,4,7.7,,1008.8,
2024-03-03 00:00:00,22.2,16,30.1,0,,146,11,,1017.2,
2024-03-04 00:00:00,16.3,7.6,24.5,0,,354,4.8,,1018.5,
2024-03-05 00:00:00,20.4,15.5,28.2,0,,149,8.9,,1019,
2024-03-06 00:00:00,21.2,17.2,26.3,0,,34,8.7,,1016.1,
2024-03-07 00:00:00,24.3,20.1,29.8,0,,23,9.3,,1014.3,
2024-03-08 00:00:00,25.5,22.6,30.9,0,,53,8.9,,1010.1,
2024-03-09 00:00:00,20.9,15.9,25.5,13.9,,224,6.7,,1008.8,
2024-03-10 00:00:00,24.5,22,32.7,0,,64,8.8,,1014.4,
2024-03-11 00:00:00,23.7,16.9,27.2,4.1,,39,13,,1013.1,
2024-03-12 00:00:00,20.9,18,26.9,95,,39,14.4,,1010.2,
2024-03-13 00:00:00,15.8,9.1,23.2,34.5,,30,7.4,,1009.6,
2024-03-14 00:00:00,22.5,21,24.5,49,,347,5.6,,1009.3,
2024-03-15 00:00:00,15.3,9.8,22.2,0.3,,71,5.1,,1009.7,
2024-03-16 00:00:00,24.8,23.2,28.9,3.8,,0,3.8,,1006.9,
2024-03-17 00:00:00,23.9,20.4,29.4,0,,77,9.3,,1011.6,
2024-03-18 00:00:00,24.3,21.2,28,18.2,,50,8.4,,1008.9,
2024-03-19 00:00:00,24.1,20.8,28.3,7.5,,93,8.5,,1008.1,
2024-03-20 00:00:00,22.6,20.4,28.3,38.1,,91,12.5,,1001.6,
2024-03-21 00:00:00,18.9,13.5,23.5,74.9,,173,11.6,,1016.4,
2024-03-22 00:00:00,15.6,10.9,22.6,7.9,,35,6.2,,1024.5,
2024-03-23 00:00:00,21.3,17.8,24.8,0,,7,13.1,,1019.8,
2024-03-24 00:00:00,24.2,20.1,29.7,0,,348,5.5,,1015.3,
2024-03-25 00:00:00,22.5,17.8,30.2,0,,111,7.5,,1017.9,
2024-03-26 00:00:00,20.8,18.8,27.2,0,,70,10.7,,1018.3,
2024-03-27 00:00:00,19.5,13.8,25.3,16,,41,8.7,,1017,
2024-03-28 00:00:00,14.6,11.2,21.9,0,,67,8.6,,1018.1,
2024-03-29 00:00:00,10.8,4.6,18.8,0,,27,9,,1015.3,
2024-03-30 00:00:00,11.6,7.3,16.1,0,,315,11.4,,1011.6,
2024-03-31 00:00:00,20.3,18.7,22.3,0.6,,138,21.5,,1015.4,
2024-04-01 00:00:00,19,18,20.8,0,,101,13.1,,1017.7,
2024-04-02 00:00:00,18.7,13.9,21.9,0,,88,10,,1015.3,
2024-04-03 00:00:00,18.7,16.2,22.3,27.9,,72,7.5,,1011.8,
2024-04-04 00:00:00,18.4,12.8,24.4,0,,61,3.2,,1016.3,
2024-04-05 00:00:00,20.4,14.4,27.7,0,,354,3.2,,1019.4,
2024-04-06 00:00:00,20.7,15.6,27.8,0,,9,8,,1017.4,
2024-04-07 00:00:00,21.3,17.2,25.8,0,,54,4.5,,1016,
2024-04-08 00:00:00,21.2,18.3,25.8,0,,21,6.1,,1013.5,
2024-04-09 00:00:00,22,18.4,27.6,0.3,,242,5.5,,1014.4,
2024-04-10 00:00:00,16.8,13.4,28.5,0,,138,13.1,,1021.2,
2024-04-11 00:00:00,15.6,11.6,19.9,0,,136,13.1,,1025.1,
2024-04-12 00:00:00,17.7,14.4,20.3,0.8,,97,12.1,,1023.2,
2024-04-13 00:00:00,18.2,16.5,20.3,11.9,,101,18.6,,1017.4,
2024-04-14 00:00:00,20.3,19,21.9,11.9,,86,8.9,,1011.7,
2024-04-15 00:00:00,22.1,20.8,23.4,49.4,,44,12.5,,1004.1,
2024-04-16 00:00:00,18.2,15,23.4,20.1,,289,8.2,,1006.5,
2024-04-17 00:00:00,17.5,13.2,24.4,0,,270,9.6,,1014.1,
2024-04-18 00:00:00,17.8,11.2,24.9,0,,332,5,,1016.4,
2024-04-19 00:00:00,21.4,17.5,27.9,0,,344,11.1,,1012.3,
2024-04-20 00:00:00,22.3,18.5,27.9,0,,344,7.3,,1013.3,
2024-04-21 00:00:00,21.2,19,27.8,9.3,,89,9.3,,1013.6,
2024-04-22 00:00:00,18.7,15.4,22.8,23.1,,100,11.6,,1012.1,
2024-04-23 00:00:00,19.1,15.5,22.5,0,,231,7.5,,1013.2,
2024-04-24 00:00:00,15.6,9.7,22.6,0,,168,6.7,,1018.8,
2024-04-25 00:00:00,16.4,13.9,21.4,3,,66,8,,1015.3,
2024-04-26 00:00:00,18.2,16.7,20.3,26.1,,103,6.5,,1007.6,
2024-04-27 00:00:00,15.1,12.2,20.3,7.9,,196,6.9,,1012.8,
2024-04-28 00:00:00,14,7.2,22.1,0,,338,5.4,,1013.8,
2024-04-29 00:00:00,16.8,11.9,22.2,0,,38,10.5,,1008.2,
2024-04-30 00:00:00,19.3,18.5,20.5,0.2,,109,6.1,,1005.8,
2024-05-01 00:00:00,15.9,13.7,18.2,0,,158,14.2,,1012,
2024-05-02 00:00:00,13.1,9.1,17.4,3,,182,7.3,,1015.2,
2024-05-03 00:00:00,7.6,3.6,14.6,0,,14,4,,1016.3,
2024-05-04 00:00:00,14.8,8.6,18.2,0,,25,6.3,,1014,
2024-05-05 00:00:00,11.4,7.8,16,0,,41,5.3,,1010.7,
2024-05-06 00:00:00,19.1,17.8,21.6,3.1,,80,4.8,,1006.7,
2024-05-07 00:00:00,18.2,16.9,21.6,1,,102,7.1,,1004.2,
2024-05-08 00:00:00,17.3,10.8,19.4,0,,216,13.6,,1009.1,
2024-05-09 00:00:00,12.1,6.6,18.7,0,,260,5.6,,1020.2,
2024-05-10 00:00:00,13.9,8.6,18.7,0,,78,5.7,,1016.9,
2024-05-11 00:00:00,13.8,10.8,19.2,0,,132,10.5,,1017.7,
2024-05-12 00:00:00,11.1,8.6,19.2,0,,158,11.1,,1017.7,
2024-05-13 00:00:00,11.8,4.2,19.3,0,,202,7.4,,1024.1,
2024-05-14 00:00:00,13.4,9.9,18.5,0,,246,6,,1025.3,
2024-05-15 00:00:00,11,5.8,17.7,0,,293,4.3,,1019.7,
2024-05-16 00:00:00,12.7,8.7,19.3,0,,315,4.4,,1013.7,
2024-05-17 00:00:00,10.8,6.5,18.8,0,,251,5.3,,1018.5,
2024-05-18 00:00:00,9.3,5.7,15.8,0,,175,3.6,,1025.9,
2024-05-19 00:00:00,8.9,4.4,15,0,,337,1.2,,1025.8,
2024-05-20 00:00:00,9.8,5.7,18.7,0,,353,9.7,,1019.2,
2024-05-21 00:00:00,13.6,10.8,16.6,0,,34,5.9,,1016.3,
2024-05-22 00:00:00,13.2,4.4,14.9,0,,146,6.1,,1015.5,
2024-05-23 00:00:00,8.1,5.1,10.5,0.2,,142,9,,1018.1,
2024-05-24 00:00:00,9.9,6.7,15.4,0,,176,13.4,,1025.4,
2024-05-25 00:00:00,7.6,2.6,12.2,0,,181,7.3,,1030.3,
2024-05-26 00:00:00,7.9,3.5,12.9,0,,105,5.6,,1029.9,
2024-05-27 00:00:00,9.6,6.3,11.4,0,,160,9.5,,1027.5,
2024-05-28 00:00:00,11.3,9,15.9,0,,78,4.8,,1026.7,
2024-05-29 00:00:00,14.1,11.8,16.6,0,,356,7.3,,1024.3,
2024-05-30 00:00:00,13.1,8.8,20.2,0,,342,4.3,,1023.6,
2024-05-31 00:00:00,13.7,10.8,18.7,0,,38,5.4,,1020.7,
2024-06-01 00:00:00,17.3,14.5,23.5,0,,323,6.2,,1013.5,
2024-06-02 00:00:00,12.9,9.1,23.5,0,,173,6.7,,1017.8,
2024-06-03 00:00:00,8.9,4.5,13.9,0,,160,8.5,,1029.5,
2024-06-04 00:00:00,11,8.5,13.1,0,,46,9,,1025.7,
2024-06-05 00:00:00,13.9,11.2,16.1,0,,31,6.5,,1018.3,
2024-06-06 00:00:00,16,13.4,19.2,0,,28,4,,1016.4,
2024-06-07 00:00:00,17.3,14.5,20.5,3.1,,101,6.6,,1018.1,
2024-06-08 00:00:00,20.2,16.6,23.2,0,,21,7.1,,1013,
2024-06-09 00:00:00,21.7,17.1,27.1,0,,323,9.9,,1004.9,
2024-06-10 00:00:00,16.7,12.6,27.1,0,,144,7,,1015.4,
2024-06-11 00:00:00,14.9,12.6,21.5,0.1,,62,7.8,,1015.9,
2024-06-12 00:00:00,18.4,16.4,21.1,0,,22,5.2,,1009,
2024-06-13 00:00:00,24.1,20.3,27.7,0,,342,11.8,,999.3,
2024-06-14 00:00:00,20.3,15.4,27.7,13.4,,164,6.8,,1005.8,
2024-06-15 00:00:00,16.1,10.3,22.2,0,,157,4.4,,1018.2,
2024-06-16 00:00:00,14.2,11.4,22.4,0,,108,5,,1020.1,
2024-06-17 00:00:00,14.9,10.8,17.9,0,,35,6.4,,1014.2,
2024-06-18 00:00:00,16.6,15.1,18.6,0.3,,347,6.9,,1007.7,
2024-06-19 00:00:00,15.6,12.1,19,0.3,,162,5.1,,1012.8,
2024-06-20 00:00:00,12.5,8.1,19.1,0,,128,10.8,,1018.6,
2024-06-21 00:00:00,16.2,13.7,18.6,13.6,,60,5.9,,1009.2,
2024-06-22 00:00:00,17.3,14.2,18.6,4.1,,142,6.1,,1007.4,
2024-06-23 00:00:00,13.2,8.9,17.4,0,,198,10,,1013.9,
2024-06-24 00:00:00,9.2,5.4,15.8,0,,182,8.1,,1023.7,
2024-06-25 00:00:00,8.5,4.9,12.4,1.7,,96,3.3,,1026.9,
2024-06-26 00:00:00,10.1,6.7,14.4,0.7,,319,9,,1018.3,
2024-06-27 00:00:00,13.2,9.2,18,0,,308,9.6,,1006.7,
2024-06-28 00:00:00,11.1,6.6,18.5,0,,230,11.4,,1014.7,
2024-06-29 00:00:00,6.7,2.6,12.6,0,,248,10.2,,1023.4,
2024-06-30 00:00:00,8.3,1.2,15.4,0,,303,7.6,,1020,
2024-07-01 00:00:00,12.8,8.4,18.7,0,,309,5.4,,1017.2,
2024-07-02 00:00:00,13.6,10.3,18.6,0,,307,7,,1013.9,
2024-07-03 00:00:00,10.7,6.6,20.4,0,,219,6.4,,1017,
2024-07-04 00:00:00,10.7,3.2,15.8,0,,243,5.3,,1019.6,
2024-07-05 00:00:00,6.5,0.6,13.9,0,,243,5.6,,1025.8,
2024-07-06 00:00:00,5.6,-0.4,12.7,0,,136,4.1,,1028.1,
2024-07-07 00:00:00,11.7,7.9,17,0,,181,6.5,,1029.5,
2024-07-08 00:00:00,5.7,1.3,11.5,0,,174,7.1,,1030.8,
2024-07-09 00:00:00,3.7,-1.5,10.5,0,,131,3.3,,1029.6,
2024-07-10 00:00:00,11.6,9,14.9,0,,342,2.2,,1023.8,
2024-07-11 00:00:00,5.7,0.2,12.8,0,,334,2.4,,1026.4,
2024-07-12 00:00:00,7,1.2,15,0,,276,3.1,,1034.2,
2024-07-13 00:00:00,7.1,0.3,15.3,0,,1,2,,1033.4,
2024-07-14 00:00:00,7.2,1.8,15.2,0,,60,4.4,,1031.4,
2024-07-15 00:00:00,16.4,6.4,23.4,0.5,,32,6,,1031.2,
2024-07-16 00:00:00,13,9.2,18.2,0,,26,5.8,,1027.4,
2024-07-17 00:00:00,12.8,8.7,20.7,0,,315,4.4,,1023.4,
2024-07-18 00:00:00,14.2,10.1,19.8,0,,12,6.9,,1019,
2024-07-19 00:00:00,12.2,9,19.4,0.1,,137,12.3,,1026.9,
2024-07-20 00:00:00,9.8,8.3,15.1,2.4,,103,11.1,,1026.2,
2024-07-21 00:00:00,12.9,12,14.7,0,,172,4.6,,1020.6,
2024-07-22 00:00:00,12.5,11.1,14.7,0,,319,3.9,,1022,
2024-07-23 00:00:00,12.5,10.5,15.6,0.1,,19,4.1,,1019.3,
2024-07-24 00:00:00,16.9,12.2,19.7,6.9,,334,5.5,,1014.6,
2024-07-25 00:00:00,15,9.4,23,0,,257,5.1,,1017.1,
2024-07-26 00:00:00,13.6,7,23.5,0,,66,4.8,,1019.2,
2024-07-27 00:00:00,17.9,7.5,24.3,13,,130,4,,1020.1,
2024-07-28 00:00:00,10.6,6.5,21.3,0,,100,4.4,,1026.6,
2024-07-29 00:00:00,7.8,3.3,15.1,0,,114,7,,1032.5,
2024-07-30 00:00:00,10.5,7.6,14.2,0,,12,13.5,,1026.5,
2024-07-31 00:00:00,14,11,16.7,0,,28,9.1,,1016.6,
2024-08-01 00:00:00,16.4,14.9,20.7,0.5,,18,11.5,,1008.6,
2024-08-02 00:00:00,24.9,21.2,29.6,0,,3,18.5,,1001.7,
2024-08-03 00:00:00,18.1,13.1,29.7,23.3,,212,9.8,,1009.2,
2024-08-04 00:00:00,12.9,8.4,18.6,4.1,,77,5.6,,1020.9,
2024-08-05 00:00:00,14.1,10.2,18,0,,86,8.9,,1017.1,
2024-08-06 00:00:00,15.9,11.3,23.5,2.3,,163,6.1,,1010.1,
2024-08-07 00:00:00,12.4,8.9,18,2,,234,12.2,,1013,
2024-08-08 00:00:00,8.3,5.4,15,0,,240,9.4,,1014.7,
2024-08-09 00:00:00,10.7,7.5,24.2,11.9,,229,9.1,,1023.8,
2024-08-10 00:00:00,10.9,5.3,17.6,0,,304,10,,1017.8,
2024-08-11 00:00:00,13.6,6.8,18,0,,241,14,,1018.1,
2024-08-12 00:00:00,8.9,3.9,13.7,0,,241,8.8,,1026,
2024-08-13 00:00:00,13.3,8.2,19.8,0,,335,10.5,,1021.3,
2024-08-14 00:00:00,14.6,9.6,19.8,0,,1,8.1,,1017.6,
2024-08-15 00:00:00,14.5,8.1,22.4,0,,63,4.1,,1016.6,
2024-08-16 00:00:00,10.9,8.8,22.4,0,,137,11,,1020.6,
2024-08-17 00:00:00,12.5,10.2,16,0,,112,8,,1020.3,
2024-08-18 00:00:00,13.6,10.2,16.2,0.1,,101,7.3,,1017.5,
2024-08-19 00:00:00,12.9,9.5,15.9,0,,151,15.1,,1021.4,
2024-08-20 00:00:00,9.5,5.6,13.5,0,,122,16.2,,1024.4,
2024-08-21 00:00:00,12.1,10.6,14,11.3,,164,9.9,,1011.9,
2024-08-22 00:00:00,9.9,7.7,14,2,,194,11.7,,1015.3,
2024-08-23 00:00:00,8.7,5,13.6,0,,223,7.1,,1021.9,
2024-08-24 00:00:00,9.4,4,14.9,0.2,,236,3.7,,1027.2,
2024-08-25 00:00:00,9,4.6,14.9,0,,169,6.1,,1031.2,
2024-08-26 00:00:00,8.9,3,14.2,0,,18,6.1,,1028.3,
2024-08-27 00:00:00,12.2,6.2,19.5,,,25,4,,1026.8,
2024-08-28 00:00:00,12.8,6.1,19.4,,,48,7.3,,1024.5,
2024-08-29 00:00:00,14.7,11.5,18.5,,,106,8.5,,1024.2,
2024-08-30 00:00:00,12.1,11,19.6,,,119,16.2,,1024.9,
2024-08-31 00:00:00,11.3,9.7,12.8,84.1,,135,17.9,,1017.2,
2024-09-01 00:00:00,11.8,9.5,15.2,,,204,9,,1019.3,
2024-09-02 00:00:00,12.9,10,16.9,,,2,9.2,,1012.8,
2024-09-03 00:00:00,15.6,12.2,27.9,,,251,6.2,,1015,
2024-09-04 00:00:00,15.3,9.3,21,0,,247,5.9,,1021.1,
2024-09-05 00:00:00,12.8,5.8,21,0,,357,8,,1022.6,
2024-09-06 00:00:00,16.5,12.7,23.5,0,,323,12.2,,1012.2,
2024-09-07 00:00:00,16.8,10.1,24.4,0,,24,4.4,,1014.7,
2024-09-08 00:00:00,16.1,9.6,24.8,0.3,,103,7.1,,1019.3,
2024-09-09 00:00:00,16.2,13.8,21.7,0.1,,111,9.9,,1015,
2024-09-10 00:00:00,16.2,14.7,21.8,0,,40,3.6,,1009.3,
2024-09-11 00:00:00,15.2,12.6,18.4,0,,118,9.1,,1015,
2024-09-12 00:00:00,14.6,8.9,19.2,0,,44,5.8,,1018.1,
2024-09-13 00:00:00,15.4,9.8,29.5,0,,91,5.9,,1016,
2024-09-14 00:00:00,15.1,9.5,20.7,0,,165,8,,1022.8,
2024-09-15 00:00:00,14.8,10.4,20.3,0,,4,10.5,,1024.2,
2024-09-16 00:00:00,19.5,13.2,27,0,,331,6.8,,1022.7,
2024-09-17 00:00:00,19.1,15.7,27,0,,22,11.5,,1018.8,
2024-09-18 00:00:00,20.8,16.7,26,0,,38,9.7,,1014,
2024-09-19 00:00:00,20.6,17.3,25.9,0,,26,10.8,,1005.1,
2024-09-20 00:00:00,18.2,12.4,25.2,0,,189,5.1,,1013.8,
2024-09-21 00:00:00,20.6,15.8,25.5,0,,21,17.7,,1011.5,
2024-09-22 00:00:00,20.2,15.1,25.4,0.5,10,13,13.3,,1005.6,
2024-09-23 00:00:00,16.6,12.3,24,0,,126,10,,1014.1,
2024-09-24 00:00:00,17.2,14,20.7,0,,122,17.9,,1015.2,
2024-09-25 00:00:00,17.4,13.9,20.6,0,,127,13.2,,1015.6,
2024-09-26 00:00:00,15.8,11.4,27.5,4.1,,138,12,,1023,
2024-09-27 00:00:00,15.4,8.7,21.4,0,,36,7,,1020.4,
2024-09-28 00:00:00,19.9,15.4,25.1,0,,5,8.5,,1015.6,
2024-09-29 00:00:00,21.9,16.5,34.8,0,,26,8.5,,1011.4,
2024-09-30 00:00:00,24.4,20.2,31,0,,10,10.6,,1002.1,
2024-10-01 00:00:00,19.7,14.2,30.9,0,,182,11,,1010.6,
2024-10-02 00:00:00,16.6,12.6,24.3,0,,197,7.8,,1018.5,
2024-10-03 00:00:00,14.7,8.4,21.3,0,,29,5.2,,1024.4,
2024-10-04 00:00:00,19.3,15.6,26.7,0,,30,12,,1021.9,
2024-10-05 00:00:00,20.3,15.4,26,0,,53,8.7,,1018.9,
2024-10-06 00:00:00,18.8,16,26.1,0,,111,12.1,,1019.1,
2024-10-07 00:00:00,18.8,17.2,22,0,,73,8.7,,1014.5,
2024-10-08 00:00:00,20.8,16,25.7,0,,132,9.7,,1018.9,
2024-10-09 00:00:00,16.8,13.1,23.5,0.2,,118,11.2,,1023.4,
2024-10-10 00:00:00,18.6,16.1,22.6,0,,80,8,,1015.7,
2024-10-11 00:00:00,22.3,15,30.4,0,,244,6.6,,1008.8,
2024-10-12 00:00:00,19.3,20.4,30.5,7.9,,1,8.3,,1017.2,
2024-10-13 00:00:00,18.6,17.4,24.1,0,,354,3.9,,1022.7,
2024-10-14 00:00:00,18.9,16,26.5,9.8,,75,8.3,,1021.5,
2024-10-15 00:00:00,20.5,16.3,26.6,0.1,,128,5.6,,1017,
2024-10-16 00:00:00,20.6,15,26.9,0,,48,6.8,,1016,
2024-10-17 00:00:00,26.6,22.9,34,0.5,,4,7.1,,1015.4,
2024-10-18 00:00:00,21.1,15.7,27.4,0,,91,8.9,,1017.5,
2024-10-19 00:00:00,22.9,17.7,28.2,0,,34,8,,1014.2,
2024-10-20 00:00:00,25.1,19,31.5,0.3,,21,14.2,,1009.2,
2024-10-21 00:00:00,17.6,15.5,29.6,7.9,,3,10.1,,1011.1,
2024-10-22 00:00:00,24.6,20.5,34.3,0.1,,107,12.8,,1015.4,
2024-10-23 00:00:00,21,18.6,27.9,7.9,,96,10.7,,1008,
2024-10-24 00:00:00,18.8,15.3,22.4,29,,230,8.2,,1000.7,
2024-10-25 00:00:00,22.6,16.2,34.5,3.3,,271,6.7,,1007.1,
2024-10-26 00:00:00,16.9,8.7,25.7,0,,272,4.7,,1016.8,
2024-10-27 00:00:00,26.1,22.2,32.7,0,,26,7.3,,1018.4,
2024-10-28 00:00:00,24.4,18.6,30.1,0,,340,8.2,,1016.5,
2024-10-29 00:00:00,25.8,20.7,30.7,0,,14,9.5,,1016.3,
2024-10-30 00:00:00,25.5,20.9,30.9,0,,20,10.3,,1015.2,
2024-10-31 00:00:00,24.3,20.7,30,0,,59,7.3,,1011.6,
2024-11-01 00:00:00,25.9,21.3,31.1,0,,34,11.7,,1006.2,
2024-11-02 00:00:00,23.4,20.8,31.1,7.1,,198,10.9,,1010.3,
2024-11-03 00:00:00,19.8,13.4,24.7,0,,117,13.9,,1016.4,
2024-11-04 00:00:00,20.3,16,23.8,0,,50,8.6,,1012,
2024-11-05 00:00:00,19.8,14.4,24.4,0,,92,7.9,,1019.5,
2024-11-06 00:00:00,21.7,17.5,26.9,0,,67,11.3,,1015.1,
2024-11-07 00:00:00,20.7,17.8,27,0.2,,136,12.1,,1017.8,
2024-11-08 00:00:00,20.1,13.7,24.8,0,,82,7.9,,1017.5,
2024-11-09 00:00:00,23.2,18.8,28.1,0,,26,9.2,,1013.8,
2024-11-10 00:00:00,23.9,19,30,2.9,,21,11.2,,1009.5,
2024-11-11 00:00:00,18.7,14.7,30.3,7.9,,224,11.4,,1012,
2024-11-12 00:00:00,18.6,11.3,25.3,0,,285,9.2,,1013.6,
2024-11-13 00:00:00,21.5,14,26.4,0,,57,5.9,,1012.1,
2024-11-14 00:00:00,24.4,19.1,30.2,0,,27,8.6,,1012.8,
2024-11-15 00:00:00,26.5,21.6,31.7,0,,19,10.5,,1009.7,
2024-11-16 00:00:00,27.8,23.3,33.7,0,,28,8.6,,1008.9,
2024-11-17 00:00:00,19.5,15.9,33.9,6.1,,155,16.5,,1014.3,
2024-11-18 00:00:00,17.9,13.1,23.2,0,,120,10.5,,1019.3,
2024-11-19 00:00:00,19.2,16.7,21.6,0,,69,9,,1018.8,
2024-11-20 00:00:00,21.3,18.8,23.8,0,,57,10.1,,1019,
2024-11-21 00:00:00,21.3,19.3,23.3,0,,47,9.8,,1020.3,
2024-11-22 00:00:00,22.6,19,26.8,0,,74,9.7,,1019.3,
2024-11-23 00:00:00,23.5,20,27.9,0,,57,11.2,,1016.4,
2024-11-24 00:00:00,26.1,21.3,32.1,1.2,,28,10.9,,1010.4,
2024-11-25 00:00:00,24.7,22.4,32.2,11.9,,101,8.8,,1010.5,
2024-11-26 00:00:00,23.5,20.4,28.2,0,,79,7.1,,1009.3,
2024-11-27 00:00:00,22.4,19.4,28,15,,127,6.8,,1007.8,
2024-11-28 00:00:00,22.9,18,26.9,0.9,,95,8.4,,1009.9,
2024-11-29 00:00:00,23.1,17.7,28.7,8.8,,165,8.1,,1012.8,
2024-11-30 00:00:00,21.7,16.9,28.9,0,,65,8.9,,1015.1,
2024-12-01 00:00:00,20.3,18.9,21.8,28,,3,10.4,,1004.1,
2024-12-02 00:00:00,18.6,13.8,23.7,0,,231,9.2,,1009.4,
2024-12-03 00:00:00,15.7,10.2,23.7,0,,220,6.8,,1015.9,
2024-12-04 00:00:00,21.9,16,32,0,,342,10.7,,1013.3,
2024-12-05 00:00:00,25.9,19.5,32.4,2,,6,11.5,,1007,
2024-12-06 00:00:00,23.7,17.1,32.6,14,,162,9.6,,1005.5,
2024-12-07 00:00:00,17.9,12.6,29.7,0,,196,11.1,,1016,
2024-12-08 00:00:00,17.6,12,22.1,0,,69,5.9,,1018.7,
2024-12-09 00:00:00,20,15.1,24.5,0,,56,5.9,,1016.5,
2024-12-10 00:00:00,23.6,17,28.8,,,10,7.6,,1014.8,
2024-12-11 00:00:00,27.8,21.8,41.1,,,43,10.1,,1012.3,
2024-12-12 00:00:00,26.7,22.1,31.8,,,24,11.1,,1009.2,
2024-12-13 00:00:00,24.6,21.6,32,,,160,9.9,,1008.7,
2024-12-14 00:00:00,33.5,29.8,41.5,0,,172,11.9,,1010.6,
2024-12-15 00:00:00,22.2,17.8,29.4,0,,158,8.9,,1013.8,
2024-12-16 00:00:00,21.1,15.3,28.4,0,,116,8,,1016.4,
2024-12-17 00:00:00,23.3,21.5,28,9.9,,64,9.3,,1017.3,
2024-12-18 00:00:00,25,21.1,29.5,0,,13,10,,1012.9,
2024-12-19 00:00:00,24.3,19.5,29.5,4.1,,356,6.3,,1009,
2024-12-20 00:00:00,27,24.4,30.4,0,,264,9.1,,1006.9,
2024-12-21 00:00:00,19.7,16,31.5,0,,88,8.7,,1017,
2024-12-22 00:00:00,23.6,20.7,28.6,0,,358,9.5,,1018.5,
2024-12-23 00:00:00,25.6,20.2,31.3,0,,353,9.5,,1013.6,
2024-12-24 00:00:00,22.5,17.3,31.3,5.1,,218,8.1,,1014.8,
2024-12-25 00:00:00,18.6,15.2,26.4,0,,185,8.2,,1016.3,
2024-12-26 00:00:00,19.4,13.9,28.3,0,,161,8.4,,1013.2,
2024-12-27 00:00:00,22.9,16.5,29.5,0,,127,7.3,,1013.5,
2024-12-28 00:00:00,22.7,18.5,29.5,0,,90,8.5,,1018,
2024-12-29 00:00:00,23,19.5,28.1,0,,81,9.9,,1017,
2024-12-30 00:00:00,24.2,17.9,29.5,0,,68,10.7,,1013.5,
2024-12-31 00:00:00,26,21.8,31.7,0,,45,13.2,,1010.6,
